<?xml version="1.0"?>
<simulation-sequence base-id="1">
	<OPNET-info OPNET-release="17.5.A" OPNET-patchlevel="7" OPNET-model-data-version="17.5.B"/>
	<simset-list>
		<simset id="0" anim-enabled="no">
			<simset-attributes>
				<attribute name="name" type="string" value="scenario"/>
				<attribute name="network" type="typed file" spectype="4" value="Jaineel_WirelessLAN1-DCF_PCF"/>
				<attribute name="probe file" type="typed file" spectype="27" value="Jaineel_WirelessLAN1-DCF_PCF"/>
				<attribute name="vector file" type="string" spectype="29" value="Jaineel_WirelessLAN1-DCF_PCF"/>
				<attribute name="duration" type="double" value="10"/>
				<attribute name="anim hist" type="string" spectype="40" value="Jaineel_WirelessLAN1-DCF_PCF"/>
				<attribute name="SLA probe files" type="textlist"/>
				<attribute name="Report probe files" type="textlist"/>
				<attribute name="duration units" type="string" value="minutes"/>
				<attribute name="number sim processors" type="integer" value="1"/>
				<attribute name="kernel_type" type="string" value="Poptimized"/>
				<attribute name="packet sharing" type="enumerated" value="conservative"/>
				<attribute name="generate packet info report" type="toggle" value="1"/>
			</simset-attributes>
			<promoted-attribute-list>
				<promoted-attribute name="Closure Method (non-TMM)" value="No Occlusion"/>
				<promoted-attribute name="WLAN AP Connectivity Check Interval" value="10"/>
				<promoted-attribute name="WLAN Beacon Transmission Count" value="3"/>
				<promoted-attribute name="WLAN Transmission Candidacy" value="Objects Across Entire Network"/>
			</promoted-attribute-list>
			<attr-info-list>
				<attr-info name="Closure Method (non-TMM)" type="integer">
					<value value="0"/>
				</attr-info>
				<attr-info name="WLAN AP Connectivity Check Interval" type="double">
					<value value="0.0"/>
				</attr-info>
				<attr-info name="WLAN Beacon Transmission Count" type="integer">
					<value value="0"/>
				</attr-info>
				<attr-info name="WLAN Transmission Candidacy" type="toggle">
					<value value="0"/>
				</attr-info>
			</attr-info-list>
			<selected-run-list>
				<selected-run id="0"/>
			</selected-run-list>
			<traffic-trend count="1" units="month" time-gap="1.0" storage-method="each-simulation" import-options="nothing" method="regular-simple" growth-rate="10"/>
		</simset>
	</simset-list>
</simulation-sequence>
